{
    "0": [
        0.9752086401570937,
        0.9565217391304348,
        0.18032786885245902
    ],
    "1": [
        0.8610702012763869,
        0.8672985781990521,
        0.2538141470180305
    ],
    "2": [
        0.993127147766323,
        1.0,
        0.0967741935483871
    ],
    "3": [
        0.929553264604811,
        0.9545454545454546,
        0.12844036697247707
    ],
    "4": [
        0.8247422680412371,
        0.9281437125748503,
        0.1808634772462077
    ],
    "5": [
        0.9528718703976435,
        0.7619047619047619,
        0.07881773399014778
    ],
    "6": [
        0.9432989690721649,
        0.9318181818181818,
        0.2671009771986971
    ],
    "7": [
        0.9857633775159549,
        1.0,
        0.18309859154929578
    ],
    "8": [
        0.9970544918998527,
        1.0,
        0.3684210526315789
    ],
    "9": [
        0.9241531664212077,
        0.95,
        0.23809523809523808
    ],
    "10": [
        0.9879725085910653,
        0.9411764705882353,
        0.25
    ],
    "11": [
        0.9386352479135984,
        0.9512195121951219,
        0.13588850174216027
    ],
    "12": [
        0.9857633775159549,
        1.0,
        0.03333333333333333
    ],
    "13": [
        0.9776632302405498,
        0.8571428571428571,
        0.1188118811881188
    ],
    "14": [
        0.854688267059401,
        0.8870967741935484,
        0.22418478260869565
    ],
    "15": [
        0.9648993618065783,
        0.8787878787878788,
        0.17261904761904762
    ],
    "16": [
        0.9207167403043691,
        0.961038961038961,
        0.18781725888324874
    ],
    "17": [
        0.8937162493863525,
        0.91,
        0.1766990291262136
    ],
    "18": [
        0.993127147766323,
        1.0,
        0.125
    ],
    "19": [
        0.9690721649484536,
        1.0,
        0.07352941176470588
    ],
    "20": [
        0.9177712322042219,
        0.9682539682539683,
        0.1548223350253807
    ],
    "21": [
        0.9869906725576829,
        1.0,
        0.171875
    ],
    "22": [
        0.8944526264113893,
        0.9304347826086956,
        0.20226843100189035
    ],
    "23": [
        0.9479626902307314,
        0.9384615384615385,
        0.22676579925650558
    ],
    "24": [
        0.9796269023073146,
        1.0,
        0.11702127659574468
    ],
    "25": [
        0.9374079528718704,
        0.9777777777777777,
        0.1476510067114094
    ],
    "26": [
        0.9013254786450663,
        0.8661971830985915,
        0.24308300395256918
    ],
    "27": [
        0.9175257731958762,
        0.9534883720930233,
        0.10933333333333334
    ],
    "28": [
        0.9089347079037801,
        0.9622641509433962,
        0.12142857142857143
    ],
    "29": [
        0.93519882179676,
        0.9148936170212766,
        0.1419141914191419
    ],
    "30": [
        0.9916543937162494,
        0.8666666666666667,
        0.28888888888888886
    ],
    "31": [
        0.9729995090819833,
        1.0,
        0.18518518518518517
    ],
    "32": [
        0.9891998036327934,
        1.0,
        0.2542372881355932
    ],
    "33": [
        0.9430535100638193,
        1.0,
        0.15328467153284672
    ],
    "34": [
        0.8318605792832597,
        0.8827586206896552,
        0.16080402010050251
    ],
    "35": [
        0.9204712812960235,
        0.8983050847457628,
        0.14285714285714285
    ],
    "36": [
        0.9867452135493373,
        1.0,
        0.06896551724137931
    ],
    "37": [
        0.9612174766813942,
        0.9230769230769231,
        0.13333333333333333
    ],
    "38": [
        0.9516445753559155,
        0.9655172413793104,
        0.22310756972111553
    ],
    "39": [
        0.9349533627884143,
        0.9803921568627451,
        0.1592356687898089
    ],
    "40": [
        0.9923907707412862,
        1.0,
        0.11428571428571428
    ],
    "41": [
        0.8426607756504664,
        0.9269662921348315,
        0.2080706179066835
    ],
    "42": [
        0.9192439862542955,
        0.9382716049382716,
        0.19
    ],
    "43": [
        0.9948453608247423,
        0.0,
        0.0
    ],
    "44": [
        0.9631811487481591,
        0.9459459459459459,
        0.1912568306010929
    ],
    "45": [
        0.7925871379479626,
        0.9013605442176871,
        0.24514338575393155
    ],
    "46": [
        0.9035346097201767,
        0.96,
        0.15584415584415584
    ],
    "47": [
        0.9774177712322042,
        1.0,
        0.12380952380952381
    ],
    "48": [
        0.9629356897398135,
        1.0,
        0.17032967032967034
    ],
    "49": [
        0.9847815414825725,
        1.0,
        0.046153846153846156
    ],
    "50": [
        0.9685812469317624,
        1.0,
        0.23353293413173654
    ],
    "51": [
        0.9513991163475699,
        0.9411764705882353,
        0.19753086419753085
    ],
    "52": [
        0.8070692194403535,
        0.8986175115207373,
        0.20333680917622524
    ],
    "53": [
        0.9806087383406971,
        1.0,
        0.1595744680851064
    ],
    "54": [
        0.9911634756995582,
        0.8,
        0.19047619047619047
    ],
    "55": [
        0.9624447717231223,
        0.9814814814814815,
        0.25853658536585367
    ],
    "56": [
        0.9742268041237113,
        0.9333333333333333,
        0.11864406779661017
    ],
    "57": [
        0.8787432498772705,
        0.9453125,
        0.19901315789473684
    ],
    "58": [
        0.9779086892488954,
        1.0,
        0.09090909090909091
    ],
    "59": [
        0.9101620029455081,
        0.9125,
        0.16898148148148148
    ],
    "60": [
        0.9972999509081983,
        1.0,
        0.21428571428571427
    ],
    "61": [
        0.9840451644575355,
        1.0,
        0.12162162162162163
    ],
    "62": [
        0.8495336278841433,
        0.8818897637795275,
        0.15774647887323945
    ],
    "63": [
        0.8880706921944035,
        0.9438202247191011,
        0.15700934579439252
    ],
    "64": [
        0.8897889052528227,
        0.945054945054945,
        0.16226415094339622
    ],
    "65": [
        0.9968090328915071,
        0.0,
        0.0
    ],
    "66": [
        0.9833087874324987,
        1.0,
        0.2
    ],
    "67": [
        0.9614629356897398,
        0.9032258064516129,
        0.15384615384615385
    ],
    "68": [
        0.9914089347079038,
        1.0,
        0.10256410256410256
    ],
    "69": [
        0.9531173294059891,
        0.9230769230769231,
        0.11267605633802817
    ],
    "70": [
        0.961953853706431,
        1.0,
        0.143646408839779
    ],
    "71": [
        0.9666175748649976,
        0.92,
        0.1464968152866242
    ],
    "72": [
        0.959499263622975,
        0.8888888888888888,
        0.12903225806451613
    ],
    "73": [
        0.9810996563573883,
        0.8928571428571429,
        0.25252525252525254
    ],
    "74": [
        0.9641629847815415,
        0.9310344827586207,
        0.15789473684210525
    ],
    "75": [
        0.9592538046146294,
        0.9090909090909091,
        0.10869565217391304
    ],
    "76": [
        0.9155621011291114,
        0.954954954954955,
        0.23820224719101124
    ],
    "77": [
        0.9744722631320569,
        0.9666666666666667,
        0.2196969696969697
    ],
    "78": [
        0.9555719194894453,
        0.8947368421052632,
        0.16113744075829384
    ],
    "79": [
        0.9842906234658811,
        1.0,
        0.21951219512195122
    ],
    "80": [
        0.865979381443299,
        0.9111111111111111,
        0.1872146118721461
    ],
    "81": [
        0.8225331369661266,
        0.9082125603864735,
        0.21076233183856502
    ],
    "82": [
        0.9963181148748159,
        1.0,
        0.11764705882352941
    ],
    "83": [
        0.9658811978399607,
        0.9130434782608695,
        0.13291139240506328
    ],